Sun Mar 8 22:15:00 GMT+0545 1998 new Date(t).getDate() PASSED!
Mon Mar 9 22:15:00 GMT+0545 1998 new Date(t).getDate() PASSED!
Wed Mar 11 22:15:00 GMT+0545 1998 new Date(t).getDate() PASSED!
Sat Mar 14 22:15:00 GMT+0545 1998 new Date(t).getDate() PASSED!
Wed Mar 18 22:15:00 GMT+0545 1998 new Date(t).getDate() PASSED!
Mon Mar 23 22:15:00 GMT+0545 1998 new Date(t).getDate() PASSED!
Sun Mar 29 22:15:00 GMT+0545 1998 new Date(t).getDate() PASSED!
Sun Apr 5 22:15:00 GMT+0545 1998 new Date(t).getDate() PASSED!
Mon Apr 13 22:15:00 GMT+0545 1998 new Date(t).getDate() PASSED!
Wed Apr 22 22:15:00 GMT+0545 1998 new Date(t).getDate() PASSED!
Sat May 2 22:15:00 GMT+0545 1998 new Date(t).getDate() PASSED!
Wed May 13 22:15:00 GMT+0545 1998 new Date(t).getDate() PASSED!
Mon May 25 22:15:00 GMT+0545 1998 new Date(t).getDate() PASSED!
Sun Jun 7 22:15:00 GMT+0545 1998 new Date(t).getDate() PASSED!
Sun Jun 21 22:15:00 GMT+0545 1998 new Date(t).getDate() PASSED!
Mon Jul 6 22:15:00 GMT+0545 1998 new Date(t).getDate() PASSED!
Wed Jul 22 22:15:00 GMT+0545 1998 new Date(t).getDate() PASSED!
Sat Aug 8 22:15:00 GMT+0545 1998 new Date(t).getDate() PASSED!
Wed Aug 26 22:15:00 GMT+0545 1998 new Date(t).getDate() PASSED!
Mon Sep 14 22:15:00 GMT+0545 1998 new Date(t).getDate() PASSED!
Sun Oct 4 22:15:00 GMT+0545 1998 new Date(t).getDate() PASSED!
Sun Oct 25 22:15:00 GMT+0545 1998 new Date(t).getDate() PASSED!
Mon Nov 16 22:15:00 GMT+0545 1998 new Date(t).getDate() PASSED!
Wed Dec 9 22:15:00 GMT+0545 1998 new Date(t).getDate() PASSED!
Sat Jan 2 22:15:00 GMT+0545 1999 new Date(t).getDate() PASSED!
Wed Jan 27 22:15:00 GMT+0545 1999 new Date(t).getDate() PASSED!
Mon Feb 22 22:15:00 GMT+0545 1999 new Date(t).getDate() PASSED!
Sun Mar 21 22:15:00 GMT+0545 1999 new Date(t).getDate() PASSED!
Sun Apr 18 22:15:00 GMT+0545 1999 new Date(t).getDate() PASSED!
Mon May 17 22:15:00 GMT+0545 1999 new Date(t).getDate() PASSED!
Wed Jun 16 22:15:00 GMT+0545 1999 new Date(t).getDate() PASSED!
(new Date(NaN)).getDate() PASSED!
Date.prototype.getDate.length PASSED!
