Tue Mar 6 04:05:06 GMT+0545 2001 new Date(t).getDay() PASSED!
Mon Mar 12 04:05:06 GMT+0545 2001 new Date(t).getDay() PASSED!
Sat Mar 24 04:05:06 GMT+0545 2001 new Date(t).getDay() PASSED!
Wed Apr 11 04:05:06 GMT+0545 2001 new Date(t).getDay() PASSED!
Sat May 5 04:05:06 GMT+0545 2001 new Date(t).getDay() PASSED!
Mon Jun 4 04:05:06 GMT+0545 2001 new Date(t).getDay() PASSED!
Tue Jul 3 04:05:06 GMT+0545 2001 new Date(t).getDay() PASSED!
Mon Jul 9 04:05:06 GMT+0545 2001 new Date(t).getDay() PASSED!
Sat Jul 21 04:05:06 GMT+0545 2001 new Date(t).getDay() PASSED!
Wed Aug 8 04:05:06 GMT+0545 2001 new Date(t).getDay() PASSED!
Sat Sep 1 04:05:06 GMT+0545 2001 new Date(t).getDay() PASSED!
Tue Oct 2 04:05:06 GMT+0545 2001 new Date(t).getDay() PASSED!
Mon Oct 8 04:05:06 GMT+0545 2001 new Date(t).getDay() PASSED!
Sat Oct 20 04:05:06 GMT+0545 2001 new Date(t).getDay() PASSED!
Wed Nov 7 04:05:06 GMT+0545 2001 new Date(t).getDay() PASSED!
Sat Dec 1 04:05:06 GMT+0545 2001 new Date(t).getDay() PASSED!
Mon Dec 31 04:05:06 GMT+0545 2001 new Date(t).getDay() PASSED!
Wed Jan 30 04:05:06 GMT+0545 2002 new Date(t).getDay() PASSED!
Tue Feb 5 04:05:06 GMT+0545 2002 new Date(t).getDay() PASSED!
Sun Feb 17 04:05:06 GMT+0545 2002 new Date(t).getDay() PASSED!
Thu Mar 7 04:05:06 GMT+0545 2002 new Date(t).getDay() PASSED!
Sun Mar 31 04:05:06 GMT+0545 2002 new Date(t).getDay() PASSED!
Wed May 1 04:05:06 GMT+0545 2002 new Date(t).getDay() PASSED!
Tue May 7 04:05:06 GMT+0545 2002 new Date(t).getDay() PASSED!
Sun May 19 04:05:06 GMT+0545 2002 new Date(t).getDay() PASSED!
Thu Jun 6 04:05:06 GMT+0545 2002 new Date(t).getDay() PASSED!
Sun Jun 30 04:05:06 GMT+0545 2002 new Date(t).getDay() PASSED!
Tue Jul 30 04:05:06 GMT+0545 2002 new Date(t).getDay() PASSED!
Thu Aug 29 04:05:06 GMT+0545 2002 new Date(t).getDay() PASSED!
Wed Sep 4 04:05:06 GMT+0545 2002 new Date(t).getDay() PASSED!
Mon Sep 16 04:05:06 GMT+0545 2002 new Date(t).getDay() PASSED!
Fri Oct 4 04:05:06 GMT+0545 2002 new Date(t).getDay() PASSED!
Mon Oct 28 04:05:06 GMT+0545 2002 new Date(t).getDay() PASSED!
Thu Nov 28 04:05:06 GMT+0545 2002 new Date(t).getDay() PASSED!
Wed Dec 4 04:05:06 GMT+0545 2002 new Date(t).getDay() PASSED!
Mon Dec 16 04:05:06 GMT+0545 2002 new Date(t).getDay() PASSED!
Fri Jan 3 04:05:06 GMT+0545 2003 new Date(t).getDay() PASSED!
Mon Jan 27 04:05:06 GMT+0545 2003 new Date(t).getDay() PASSED!
Wed Feb 26 04:05:06 GMT+0545 2003 new Date(t).getDay() PASSED!
Sat Mar 29 04:05:06 GMT+0545 2003 new Date(t).getDay() PASSED!
Fri Apr 4 04:05:06 GMT+0545 2003 new Date(t).getDay() PASSED!
Wed Apr 16 04:05:06 GMT+0545 2003 new Date(t).getDay() PASSED!
Sun May 4 04:05:06 GMT+0545 2003 new Date(t).getDay() PASSED!
Wed May 28 04:05:06 GMT+0545 2003 new Date(t).getDay() PASSED!
Fri Jun 27 04:05:06 GMT+0545 2003 new Date(t).getDay() PASSED!
Sun Jul 27 04:05:06 GMT+0545 2003 new Date(t).getDay() PASSED!
Sat Aug 2 04:05:06 GMT+0545 2003 new Date(t).getDay() PASSED!
Thu Aug 14 04:05:06 GMT+0545 2003 new Date(t).getDay() PASSED!
Mon Sep 1 04:05:06 GMT+0545 2003 new Date(t).getDay() PASSED!
Thu Sep 25 04:05:06 GMT+0545 2003 new Date(t).getDay() PASSED!
Sun Oct 26 04:05:06 GMT+0545 2003 new Date(t).getDay() PASSED!
Sat Nov 1 04:05:06 GMT+0545 2003 new Date(t).getDay() PASSED!
Thu Nov 13 04:05:06 GMT+0545 2003 new Date(t).getDay() PASSED!
Mon Dec 1 04:05:06 GMT+0545 2003 new Date(t).getDay() PASSED!
Thu Dec 25 04:05:06 GMT+0545 2003 new Date(t).getDay() PASSED!
Sat Jan 24 04:05:06 GMT+0545 2004 new Date(t).getDay() PASSED!
Mon Feb 23 04:05:06 GMT+0545 2004 new Date(t).getDay() PASSED!
Sun Feb 29 04:05:06 GMT+0545 2004 new Date(t).getDay() PASSED!
Fri Mar 12 04:05:06 GMT+0545 2004 new Date(t).getDay() PASSED!
Tue Mar 30 04:05:06 GMT+0545 2004 new Date(t).getDay() PASSED!
Fri Apr 23 04:05:06 GMT+0545 2004 new Date(t).getDay() PASSED!
Mon May 24 04:05:06 GMT+0545 2004 new Date(t).getDay() PASSED!
Sun May 30 04:05:06 GMT+0545 2004 new Date(t).getDay() PASSED!
Fri Jun 11 04:05:06 GMT+0545 2004 new Date(t).getDay() PASSED!
Tue Jun 29 04:05:06 GMT+0545 2004 new Date(t).getDay() PASSED!
Fri Jul 23 04:05:06 GMT+0545 2004 new Date(t).getDay() PASSED!
Sun Aug 22 04:05:06 GMT+0545 2004 new Date(t).getDay() PASSED!
